Method,Errors
Jacobi,0.009719138010847117
Gauss,0.004848453297182753
SOR,0.0003639315535003962
