Num sink obj,Optimal omega
0,1.9181818181818182
1,1.9181818181818182
2,1.9181818181818182
3,1.8909090909090909
4,1.8909090909090909
5,1.8909090909090909
