Re,tau,stable,C_D_mean,C_L_max,t_final
100,0.001,yes,2.2397,0.9034,10.001
200,0.0005,yes,2.0109,1.6273,10
300,0.0003,yes,1.8135,1.9402,10.0002
400,0.00025,yes,1.7123,1.9937,10.0002
500,0.0002,yes,1.6309,1.8778,10
550,0.00015,yes,1.5671,1.5132,10
750,0.00015,NO,1.41,11.418,1.6629
1000,0.0001,NO,12.3116,6981.7142,0.7793
