xr,yr,score
8.550000000000008,7.249999999999998,141.9636808930418
