N values,Optimal omega
10,1.7272727272727273
20,1.809090909090909
30,1.8636363636363635
40,1.8909090909090909
50,1.9181818181818182
60,1.9454545454545455
70,1.9454545454545455
80,1.9454545454545455
90,1.9454545454545455
100,1.9454545454545455
