Location,x,y,Strength
Living Room,1,5,26.96385654869853
Kitchen,2,1,9.441560425114194
Bathroom,9,1,28.11920808397419
Bedroom,9,7,39.20352353275844
