Location,x,y,Strength
Living Room,1,5,14.872884725911783
Kitchen,2,1,9.549808955015763
Bathroom,9,1,6.4234366377574865
Bedroom,9,7,10.280268695722533
