Grid sizes,Normal SOR run time means,Parallel SOR run time means
50,23.106000041996595,7.010393707998446
100,124.41076800000155,11.142012833995977
200,446.64384099999734,10.247621583999717
400,1647.69085116699,14.420878334000008
600,3224.772655666995,22.510175666000578
800,5289.037425041999,33.81034383299993
1000,8122.722460749996,49.84340220800368
